,video_A,video_B,count_A,count_B,num_subjects,valid_subjects,total_subjects,total_valid_subjects
0,MS_driving_video_AVC_crf20_resemble_audio.mp4,MS_AVC_crf28_AAC_br10_ds2_us2_bitrateV_64106_bitrateA_10041.mp4,7,36,43,43,247,242
1,MS_driving_video_AVC_crf20_resemble_audio.mp4,MS_AVC_crf26_AAC_br5_ds2_us2_bitrateV_87963_bitrateA_5085.mp4,7,36,43,43,247,242
2,MS_driving_video_AVC_crf20_resemble_audio.mp4,MS_AVC_crf26_AAC_br10_ds2_us2_bitrateV_87963_bitrateA_10041.mp4,5,38,43,43,247,242
3,MS_driving_video_AVC_crf20_resemble_audio.mp4,MS_AVC_crf28_AAC_br5_ds2_us2_bitrateV_64106_bitrateA_5085.mp4,6,37,43,43,247,242
4,MS_driving_video_AVC_crf20_resemble_audio.mp4,MS_AVC_crf30_AAC_br5_ds2_us2_bitrateV_46962_bitrateA_5085.mp4,10,33,43,43,247,242
5,MS_driving_video_AVC_crf20_resemble_audio.mp4,MS_AVC_crf30_AAC_br10_ds2_us2_bitrateV_46962_bitrateA_10041.mp4,6,37,43,43,247,242
6,MS_driving_video_AVC_crf20_resemble_audio.mp4,MS_AVC_crf32_AAC_br10_ds4_us4_bitrateV_11810_bitrateA_10041.mp4,10,33,43,43,247,242
7,MS_driving_video_AVC_crf20_resemble_audio.mp4,MS_AVC_crf32_AAC_br5_ds4_us4_bitrateV_11810_bitrateA_5085.mp4,10,33,43,43,247,242
8,MS_driving_video_AVC_crf20_resemble_audio.mp4,MS_AV1_crf60_AAC_br5_ds2_us2_bitrateV_10650_bitrateA_5085.mp4,15,28,43,43,247,242
9,MS_driving_video_AVC_crf20_resemble_audio.mp4,MS_AV1_crf60_AAC_br10_ds2_us2_bitrateV_10650_bitrateA_10041.mp4,14,29,43,43,247,242
10,MS_driving_video_AVC_crf20_resemble_audio.mp4,MS_AV1_crf63_AAC_br5_ds2_us2_bitrateV_8628_bitrateA_5085.mp4,16,27,43,43,247,242
11,MS_driving_video_AVC_crf20_resemble_audio.mp4,MS_AV1_crf63_AAC_br5_ds1_us1_bitrateV_15128_bitrateA_5085.mp4,10,33,43,43,247,242
12,MS_driving_video_AVC_crf20_resemble_audio.mp4,MS_AV1_crf63_AAC_br10_ds2_us2_bitrateV_8628_bitrateA_10041.mp4,16,27,43,43,247,242
13,MS_driving_video_AVC_crf20_resemble_audio.mp4,MS_AV1_crf63_AAC_br10_ds1_us1_bitrateV_15128_bitrateA_10041.mp4,7,36,43,43,247,242
14,MS_driving_video_AVC_crf20_original_audio_br10.mp4,MS_AVC_crf28_AAC_br10_ds2_us2_bitrateV_64106_bitrateA_10041.mp4,6,37,43,43,247,242
15,MS_driving_video_AVC_crf20_original_audio_br10.mp4,MS_AVC_crf26_AAC_br5_ds2_us2_bitrateV_87963_bitrateA_5085.mp4,9,34,43,43,247,242
16,MS_driving_video_AVC_crf20_original_audio_br10.mp4,MS_AVC_crf26_AAC_br10_ds2_us2_bitrateV_87963_bitrateA_10041.mp4,5,38,43,43,247,242
17,MS_driving_video_AVC_crf20_original_audio_br10.mp4,MS_AVC_crf28_AAC_br5_ds2_us2_bitrateV_64106_bitrateA_5085.mp4,11,32,43,43,247,242
18,MS_driving_video_AVC_crf20_original_audio_br10.mp4,MS_AVC_crf30_AAC_br5_ds2_us2_bitrateV_46962_bitrateA_5085.mp4,10,33,43,43,247,242
19,MS_driving_video_AVC_crf20_original_audio_br10.mp4,MS_AVC_crf30_AAC_br10_ds2_us2_bitrateV_46962_bitrateA_10041.mp4,7,36,43,43,247,242
20,MS_driving_video_AVC_crf20_original_audio_br10.mp4,MS_AVC_crf32_AAC_br10_ds4_us4_bitrateV_11810_bitrateA_10041.mp4,15,28,43,43,247,242
21,MS_driving_video_AVC_crf20_original_audio_br10.mp4,MS_AVC_crf32_AAC_br5_ds4_us4_bitrateV_11810_bitrateA_5085.mp4,16,27,43,43,247,242
22,MS_driving_video_AVC_crf20_original_audio_br10.mp4,MS_AV1_crf60_AAC_br5_ds2_us2_bitrateV_10650_bitrateA_5085.mp4,20,23,43,43,247,242
23,MS_driving_video_AVC_crf20_original_audio_br10.mp4,MS_AV1_crf60_AAC_br10_ds2_us2_bitrateV_10650_bitrateA_10041.mp4,17,26,43,43,247,242
24,MS_driving_video_AVC_crf20_original_audio_br10.mp4,MS_AV1_crf63_AAC_br5_ds2_us2_bitrateV_8628_bitrateA_5085.mp4,24,19,43,43,247,242
25,MS_driving_video_AVC_crf20_original_audio_br10.mp4,MS_AV1_crf63_AAC_br5_ds1_us1_bitrateV_15128_bitrateA_5085.mp4,15,28,43,43,247,242
26,MS_driving_video_AVC_crf20_original_audio_br10.mp4,MS_AV1_crf63_AAC_br10_ds2_us2_bitrateV_8628_bitrateA_10041.mp4,24,19,43,43,247,242
27,MS_driving_video_AVC_crf20_original_audio_br10.mp4,MS_AV1_crf63_AAC_br10_ds1_us1_bitrateV_15128_bitrateA_10041.mp4,8,35,43,43,247,242
28,MS_driving_video_AVC_crf20_original_audio_br10.mp4,MS_driving_video_AVC_crf20_resemble_audio.mp4,30,13,43,43,247,242
29,MS_AVC_crf26_AAC_br5_ds2_us2_bitrateV_87963_bitrateA_5085.mp4,MS_AVC_crf26_AAC_br10_ds2_us2_bitrateV_87963_bitrateA_10041.mp4,15,28,43,43,247,242
30,MS_AVC_crf26_AAC_br10_ds2_us2_bitrateV_87963_bitrateA_10041.mp4,MS_AVC_crf32_AAC_br10_ds4_us4_bitrateV_11810_bitrateA_10041.mp4,35,8,43,43,247,242
31,SC_driving_video_AVC_crf20_resemble_audio.mp4,SC_AVC_crf26_AAC_br5_ds2_us2_bitrateV_111033_bitrateA_5133.mp4,17,26,43,43,247,242
32,SC_driving_video_AVC_crf20_resemble_audio.mp4,SC_AVC_crf26_AAC_br10_ds2_us2_bitrateV_111033_bitrateA_10108.mp4,15,28,43,43,247,242
33,SC_driving_video_AVC_crf20_resemble_audio.mp4,SC_AVC_crf28_AAC_br10_ds2_us2_bitrateV_64553_bitrateA_10108.mp4,13,30,43,43,247,242
34,SC_driving_video_AVC_crf20_resemble_audio.mp4,SC_AVC_crf30_AAC_br5_ds2_us2_bitrateV_42294_bitrateA_5133.mp4,17,26,43,43,247,242
35,SC_driving_video_AVC_crf20_resemble_audio.mp4,SC_AVC_crf28_AAC_br5_ds2_us2_bitrateV_64553_bitrateA_5133.mp4,15,28,43,43,247,242
36,SC_driving_video_AVC_crf20_resemble_audio.mp4,SC_AVC_crf30_AAC_br10_ds2_us2_bitrateV_42294_bitrateA_10108.mp4,15,28,43,43,247,242
37,SC_driving_video_AVC_crf20_resemble_audio.mp4,SC_AVC_crf32_AAC_br10_ds4_us4_bitrateV_11556_bitrateA_10108.mp4,23,20,43,43,247,242
38,SC_driving_video_AVC_crf20_resemble_audio.mp4,SC_AVC_crf32_AAC_br5_ds4_us4_bitrateV_11556_bitrateA_5133.mp4,21,22,43,43,247,242
39,SC_driving_video_AVC_crf20_resemble_audio.mp4,SC_AV1_crf60_AAC_br10_ds2_us2_bitrateV_11333_bitrateA_10108.mp4,16,27,43,43,247,242
40,SC_driving_video_AVC_crf20_resemble_audio.mp4,SC_AV1_crf60_AAC_br5_ds2_us2_bitrateV_11333_bitrateA_5133.mp4,19,24,43,43,247,242
41,SC_driving_video_AVC_crf20_resemble_audio.mp4,SC_AV1_crf63_AAC_br5_ds2_us2_bitrateV_8920_bitrateA_5133.mp4,24,19,43,43,247,242
42,SC_driving_video_AVC_crf20_resemble_audio.mp4,SC_AV1_crf63_AAC_br5_ds1_us1_bitrateV_15496_bitrateA_5133.mp4,16,27,43,43,247,242
43,SC_driving_video_AVC_crf20_resemble_audio.mp4,SC_AV1_crf63_AAC_br10_ds1_us1_bitrateV_15507_bitrateA_10108.mp4,13,30,43,43,247,242
44,SC_driving_video_AVC_crf20_resemble_audio.mp4,SC_AV1_crf63_AAC_br10_ds2_us2_bitrateV_8919_bitrateA_10108.mp4,17,26,43,43,247,242
45,SC_driving_video_AVC_crf20_original_audio_br10.mp4,SC_AVC_crf26_AAC_br5_ds2_us2_bitrateV_111033_bitrateA_5133.mp4,12,31,43,43,247,242
46,SC_driving_video_AVC_crf20_original_audio_br10.mp4,SC_AVC_crf26_AAC_br10_ds2_us2_bitrateV_111033_bitrateA_10108.mp4,3,40,43,43,247,242
47,SC_driving_video_AVC_crf20_original_audio_br10.mp4,SC_AVC_crf28_AAC_br10_ds2_us2_bitrateV_64553_bitrateA_10108.mp4,4,39,43,43,247,242
48,SC_driving_video_AVC_crf20_original_audio_br10.mp4,SC_AVC_crf30_AAC_br5_ds2_us2_bitrateV_42294_bitrateA_5133.mp4,10,33,43,43,247,242
49,SC_driving_video_AVC_crf20_original_audio_br10.mp4,SC_AVC_crf28_AAC_br5_ds2_us2_bitrateV_64553_bitrateA_5133.mp4,10,33,43,43,247,242
50,SC_driving_video_AVC_crf20_original_audio_br10.mp4,SC_AVC_crf30_AAC_br10_ds2_us2_bitrateV_42294_bitrateA_10108.mp4,6,37,43,43,247,242
51,SC_driving_video_AVC_crf20_original_audio_br10.mp4,SC_AVC_crf32_AAC_br10_ds4_us4_bitrateV_11556_bitrateA_10108.mp4,15,28,43,43,247,242
52,SC_driving_video_AVC_crf20_original_audio_br10.mp4,SC_AVC_crf32_AAC_br5_ds4_us4_bitrateV_11556_bitrateA_5133.mp4,15,28,43,43,247,242
53,SC_driving_video_AVC_crf20_original_audio_br10.mp4,SC_AV1_crf60_AAC_br10_ds2_us2_bitrateV_11333_bitrateA_10108.mp4,4,39,43,43,247,242
54,SC_driving_video_AVC_crf20_original_audio_br10.mp4,SC_AV1_crf60_AAC_br5_ds2_us2_bitrateV_11333_bitrateA_5133.mp4,12,31,43,43,247,242
55,SC_driving_video_AVC_crf20_original_audio_br10.mp4,SC_AV1_crf63_AAC_br5_ds2_us2_bitrateV_8920_bitrateA_5133.mp4,11,32,43,43,247,242
56,SC_driving_video_AVC_crf20_original_audio_br10.mp4,SC_AV1_crf63_AAC_br5_ds1_us1_bitrateV_15496_bitrateA_5133.mp4,12,31,43,43,247,242
57,SC_driving_video_AVC_crf20_original_audio_br10.mp4,SC_AV1_crf63_AAC_br10_ds1_us1_bitrateV_15507_bitrateA_10108.mp4,5,38,43,43,247,242
58,SC_driving_video_AVC_crf20_original_audio_br10.mp4,SC_AV1_crf63_AAC_br10_ds2_us2_bitrateV_8919_bitrateA_10108.mp4,13,30,43,43,247,242
59,SC_driving_video_AVC_crf20_original_audio_br10.mp4,SC_driving_video_AVC_crf20_resemble_audio.mp4,11,32,43,43,247,242
60,SC_AVC_crf26_AAC_br5_ds2_us2_bitrateV_111033_bitrateA_5133.mp4,SC_AVC_crf26_AAC_br10_ds2_us2_bitrateV_111033_bitrateA_10108.mp4,18,25,43,43,247,242
61,SC_AVC_crf26_AAC_br10_ds2_us2_bitrateV_111033_bitrateA_10108.mp4,SC_AVC_crf32_AAC_br10_ds4_us4_bitrateV_11556_bitrateA_10108.mp4,32,11,43,43,247,242
62,AM_driving_video_AVC_crf20_resemble_audio.mp4,AM_AVC_crf26_AAC_br10_ds2_us2_bitrateV_95784_bitrateA_10076.mp4,21,19,40,40,247,242
63,AM_driving_video_AVC_crf20_resemble_audio.mp4,AM_AVC_crf26_AAC_br5_ds2_us2_bitrateV_95784_bitrateA_5110.mp4,21,19,40,40,247,242
64,AM_driving_video_AVC_crf20_resemble_audio.mp4,AM_AVC_crf28_AAC_br10_ds2_us2_bitrateV_62602_bitrateA_10076.mp4,20,20,40,40,247,242
65,AM_driving_video_AVC_crf20_resemble_audio.mp4,AM_AVC_crf28_AAC_br5_ds2_us2_bitrateV_62602_bitrateA_5110.mp4,24,16,40,40,247,242
66,AM_driving_video_AVC_crf20_resemble_audio.mp4,AM_AVC_crf30_AAC_br5_ds2_us2_bitrateV_45309_bitrateA_5110.mp4,21,19,40,40,247,242
67,AM_driving_video_AVC_crf20_resemble_audio.mp4,AM_AVC_crf30_AAC_br10_ds2_us2_bitrateV_45309_bitrateA_10076.mp4,25,15,40,40,247,242
68,AM_driving_video_AVC_crf20_resemble_audio.mp4,AM_AVC_crf32_AAC_br10_ds4_us4_bitrateV_12456_bitrateA_10076.mp4,31,9,40,40,247,242
69,AM_driving_video_AVC_crf20_resemble_audio.mp4,AM_AVC_crf32_AAC_br5_ds4_us4_bitrateV_12456_bitrateA_5110.mp4,29,11,40,40,247,242
70,AM_driving_video_AVC_crf20_resemble_audio.mp4,AM_AV1_crf60_AAC_br5_ds2_us2_bitrateV_10624_bitrateA_5110.mp4,27,13,40,40,247,242
71,AM_driving_video_AVC_crf20_resemble_audio.mp4,AM_AV1_crf60_AAC_br10_ds2_us2_bitrateV_10627_bitrateA_10076.mp4,24,16,40,40,247,242
72,AM_driving_video_AVC_crf20_resemble_audio.mp4,AM_AV1_crf63_AAC_br5_ds2_us2_bitrateV_8578_bitrateA_5110.mp4,27,13,40,40,247,242
73,AM_driving_video_AVC_crf20_resemble_audio.mp4,AM_AV1_crf63_AAC_br5_ds1_us1_bitrateV_14156_bitrateA_5110.mp4,27,13,40,40,247,242
74,AM_driving_video_AVC_crf20_resemble_audio.mp4,AM_AV1_crf63_AAC_br10_ds1_us1_bitrateV_14224_bitrateA_10076.mp4,19,21,40,40,247,242
75,AM_driving_video_AVC_crf20_resemble_audio.mp4,AM_AV1_crf63_AAC_br10_ds2_us2_bitrateV_8578_bitrateA_10076.mp4,28,12,40,40,247,242
76,AM_driving_video_AVC_crf20_original_audio_br10.mp4,AM_AVC_crf26_AAC_br10_ds2_us2_bitrateV_95784_bitrateA_10076.mp4,9,31,40,40,247,242
77,AM_driving_video_AVC_crf20_original_audio_br10.mp4,AM_AVC_crf26_AAC_br5_ds2_us2_bitrateV_95784_bitrateA_5110.mp4,15,25,40,40,247,242
78,AM_driving_video_AVC_crf20_original_audio_br10.mp4,AM_AVC_crf28_AAC_br10_ds2_us2_bitrateV_62602_bitrateA_10076.mp4,13,27,40,40,247,242
79,AM_driving_video_AVC_crf20_original_audio_br10.mp4,AM_AVC_crf28_AAC_br5_ds2_us2_bitrateV_62602_bitrateA_5110.mp4,16,24,40,40,247,242
80,AM_driving_video_AVC_crf20_original_audio_br10.mp4,AM_AVC_crf30_AAC_br5_ds2_us2_bitrateV_45309_bitrateA_5110.mp4,15,25,40,40,247,242
81,AM_driving_video_AVC_crf20_original_audio_br10.mp4,AM_AVC_crf30_AAC_br10_ds2_us2_bitrateV_45309_bitrateA_10076.mp4,17,23,40,40,247,242
82,AM_driving_video_AVC_crf20_original_audio_br10.mp4,AM_AVC_crf32_AAC_br10_ds4_us4_bitrateV_12456_bitrateA_10076.mp4,23,17,40,40,247,242
83,AM_driving_video_AVC_crf20_original_audio_br10.mp4,AM_AVC_crf32_AAC_br5_ds4_us4_bitrateV_12456_bitrateA_5110.mp4,26,14,40,40,247,242
84,AM_driving_video_AVC_crf20_original_audio_br10.mp4,AM_AV1_crf60_AAC_br5_ds2_us2_bitrateV_10624_bitrateA_5110.mp4,23,17,40,40,247,242
85,AM_driving_video_AVC_crf20_original_audio_br10.mp4,AM_AV1_crf60_AAC_br10_ds2_us2_bitrateV_10627_bitrateA_10076.mp4,11,29,40,40,247,242
86,AM_driving_video_AVC_crf20_original_audio_br10.mp4,AM_AV1_crf63_AAC_br5_ds2_us2_bitrateV_8578_bitrateA_5110.mp4,24,16,40,40,247,242
87,AM_driving_video_AVC_crf20_original_audio_br10.mp4,AM_AV1_crf63_AAC_br5_ds1_us1_bitrateV_14156_bitrateA_5110.mp4,17,23,40,40,247,242
88,AM_driving_video_AVC_crf20_original_audio_br10.mp4,AM_AV1_crf63_AAC_br10_ds1_us1_bitrateV_14224_bitrateA_10076.mp4,11,29,40,40,247,242
89,AM_driving_video_AVC_crf20_original_audio_br10.mp4,AM_AV1_crf63_AAC_br10_ds2_us2_bitrateV_8578_bitrateA_10076.mp4,17,23,40,40,247,242
90,AM_driving_video_AVC_crf20_original_audio_br10.mp4,AM_driving_video_AVC_crf20_resemble_audio.mp4,13,27,40,40,247,242
91,AM_AVC_crf26_AAC_br10_ds2_us2_bitrateV_95784_bitrateA_10076.mp4,AM_AVC_crf32_AAC_br10_ds4_us4_bitrateV_12456_bitrateA_10076.mp4,37,3,40,40,247,242
92,AM_AVC_crf26_AAC_br5_ds2_us2_bitrateV_95784_bitrateA_5110.mp4,AM_AVC_crf26_AAC_br10_ds2_us2_bitrateV_95784_bitrateA_10076.mp4,13,27,40,40,247,242
93,PP_driving_video_AVC_crf20_resemble_audio.mp4,PP_AVC_crf26_AAC_br5_ds2_us2_bitrateV_115465_bitrateA_5121.mp4,17,21,39,38,247,242
94,PP_driving_video_AVC_crf20_resemble_audio.mp4,PP_AVC_crf26_AAC_br10_ds2_us2_bitrateV_115465_bitrateA_10077.mp4,15,23,39,38,247,242
95,PP_driving_video_AVC_crf20_resemble_audio.mp4,PP_AVC_crf28_AAC_br5_ds2_us2_bitrateV_83713_bitrateA_5121.mp4,16,22,39,38,247,242
96,PP_driving_video_AVC_crf20_resemble_audio.mp4,PP_AVC_crf28_AAC_br10_ds2_us2_bitrateV_83713_bitrateA_10077.mp4,16,22,39,38,247,242
97,PP_driving_video_AVC_crf20_resemble_audio.mp4,PP_AVC_crf30_AAC_br10_ds2_us2_bitrateV_62210_bitrateA_10077.mp4,17,21,39,38,247,242
98,PP_driving_video_AVC_crf20_resemble_audio.mp4,PP_AVC_crf30_AAC_br5_ds2_us2_bitrateV_62210_bitrateA_5121.mp4,19,19,39,38,247,242
99,PP_driving_video_AVC_crf20_resemble_audio.mp4,PP_AVC_crf32_AAC_br10_ds4_us4_bitrateV_16313_bitrateA_10077.mp4,24,14,39,38,247,242
100,PP_driving_video_AVC_crf20_resemble_audio.mp4,PP_AVC_crf32_AAC_br5_ds4_us4_bitrateV_16313_bitrateA_5121.mp4,27,11,39,38,247,242
101,PP_driving_video_AVC_crf20_resemble_audio.mp4,PP_AV1_crf60_AAC_br10_ds2_us2_bitrateV_14631_bitrateA_10077.mp4,17,21,39,38,247,242
102,PP_driving_video_AVC_crf20_resemble_audio.mp4,PP_AV1_crf60_AAC_br5_ds2_us2_bitrateV_14631_bitrateA_5121.mp4,21,17,39,38,247,242
103,PP_driving_video_AVC_crf20_resemble_audio.mp4,PP_AV1_crf63_AAC_br10_ds2_us2_bitrateV_11083_bitrateA_10077.mp4,21,17,39,38,247,242
104,PP_driving_video_AVC_crf20_resemble_audio.mp4,PP_AV1_crf63_AAC_br10_ds1_us1_bitrateV_20368_bitrateA_10077.mp4,19,19,39,38,247,242
105,PP_driving_video_AVC_crf20_resemble_audio.mp4,PP_AV1_crf63_AAC_br5_ds1_us1_bitrateV_20368_bitrateA_5121.mp4,19,19,39,38,247,242
106,PP_driving_video_AVC_crf20_resemble_audio.mp4,PP_AV1_crf63_AAC_br5_ds2_us2_bitrateV_11083_bitrateA_5121.mp4,21,17,39,38,247,242
107,PP_driving_video_AVC_crf20_original_audio_br10.mp4,PP_AVC_crf26_AAC_br5_ds2_us2_bitrateV_115465_bitrateA_5121.mp4,19,19,39,38,247,242
108,PP_driving_video_AVC_crf20_original_audio_br10.mp4,PP_AVC_crf26_AAC_br10_ds2_us2_bitrateV_115465_bitrateA_10077.mp4,18,20,39,38,247,242
109,PP_driving_video_AVC_crf20_original_audio_br10.mp4,PP_AVC_crf28_AAC_br5_ds2_us2_bitrateV_83713_bitrateA_5121.mp4,18,20,39,38,247,242
110,PP_driving_video_AVC_crf20_original_audio_br10.mp4,PP_AVC_crf28_AAC_br10_ds2_us2_bitrateV_83713_bitrateA_10077.mp4,15,23,39,38,247,242
111,PP_driving_video_AVC_crf20_original_audio_br10.mp4,PP_AVC_crf30_AAC_br10_ds2_us2_bitrateV_62210_bitrateA_10077.mp4,22,16,39,38,247,242
112,PP_driving_video_AVC_crf20_original_audio_br10.mp4,PP_AVC_crf30_AAC_br5_ds2_us2_bitrateV_62210_bitrateA_5121.mp4,18,20,39,38,247,242
113,PP_driving_video_AVC_crf20_original_audio_br10.mp4,PP_AVC_crf32_AAC_br10_ds4_us4_bitrateV_16313_bitrateA_10077.mp4,25,13,39,38,247,242
114,PP_driving_video_AVC_crf20_original_audio_br10.mp4,PP_AVC_crf32_AAC_br5_ds4_us4_bitrateV_16313_bitrateA_5121.mp4,27,11,39,38,247,242
115,PP_driving_video_AVC_crf20_original_audio_br10.mp4,PP_AV1_crf60_AAC_br10_ds2_us2_bitrateV_14631_bitrateA_10077.mp4,20,18,39,38,247,242
116,PP_driving_video_AVC_crf20_original_audio_br10.mp4,PP_AV1_crf60_AAC_br5_ds2_us2_bitrateV_14631_bitrateA_5121.mp4,22,16,39,38,247,242
117,PP_driving_video_AVC_crf20_original_audio_br10.mp4,PP_AV1_crf63_AAC_br10_ds2_us2_bitrateV_11083_bitrateA_10077.mp4,19,19,39,38,247,242
118,PP_driving_video_AVC_crf20_original_audio_br10.mp4,PP_AV1_crf63_AAC_br10_ds1_us1_bitrateV_20368_bitrateA_10077.mp4,18,20,39,38,247,242
119,PP_driving_video_AVC_crf20_original_audio_br10.mp4,PP_AV1_crf63_AAC_br5_ds1_us1_bitrateV_20368_bitrateA_5121.mp4,19,19,39,38,247,242
120,PP_driving_video_AVC_crf20_original_audio_br10.mp4,PP_AV1_crf63_AAC_br5_ds2_us2_bitrateV_11083_bitrateA_5121.mp4,23,15,39,38,247,242
121,PP_driving_video_AVC_crf20_original_audio_br10.mp4,PP_driving_video_AVC_crf20_resemble_audio.mp4,24,14,39,38,247,242
122,PP_AVC_crf26_AAC_br5_ds2_us2_bitrateV_115465_bitrateA_5121.mp4,PP_AVC_crf26_AAC_br10_ds2_us2_bitrateV_115465_bitrateA_10077.mp4,13,25,39,38,247,242
123,PP_AVC_crf26_AAC_br10_ds2_us2_bitrateV_115465_bitrateA_10077.mp4,PP_AVC_crf32_AAC_br10_ds4_us4_bitrateV_16313_bitrateA_10077.mp4,37,1,39,38,247,242
124,PT_driving_video_AVC_crf20_resemble_audio.mp4,PT_AVC_crf26_AAC_br5_ds2_us2_bitrateV_181485_bitrateA_5145.mp4,15,21,36,36,247,242
125,PT_driving_video_AVC_crf20_resemble_audio.mp4,PT_AVC_crf26_AAC_br10_ds2_us2_bitrateV_181485_bitrateA_10123.mp4,17,19,36,36,247,242
126,PT_driving_video_AVC_crf20_resemble_audio.mp4,PT_AVC_crf28_AAC_br5_ds2_us2_bitrateV_95864_bitrateA_5145.mp4,18,18,36,36,247,242
127,PT_driving_video_AVC_crf20_resemble_audio.mp4,PT_AVC_crf30_AAC_br5_ds2_us2_bitrateV_55835_bitrateA_5145.mp4,23,13,36,36,247,242
128,PT_driving_video_AVC_crf20_resemble_audio.mp4,PT_AVC_crf30_AAC_br10_ds2_us2_bitrateV_55835_bitrateA_10123.mp4,19,17,36,36,247,242
129,PT_driving_video_AVC_crf20_resemble_audio.mp4,PT_AVC_crf28_AAC_br10_ds2_us2_bitrateV_95864_bitrateA_10123.mp4,18,18,36,36,247,242
130,PT_driving_video_AVC_crf20_resemble_audio.mp4,PT_AVC_crf32_AAC_br5_ds4_us4_bitrateV_13082_bitrateA_5145.mp4,24,12,36,36,247,242
131,PT_driving_video_AVC_crf20_resemble_audio.mp4,PT_AVC_crf32_AAC_br10_ds4_us4_bitrateV_13082_bitrateA_10123.mp4,27,9,36,36,247,242
132,PT_driving_video_AVC_crf20_resemble_audio.mp4,PT_AV1_crf60_AAC_br10_ds2_us2_bitrateV_10230_bitrateA_10123.mp4,23,13,36,36,247,242
133,PT_driving_video_AVC_crf20_resemble_audio.mp4,PT_AV1_crf60_AAC_br5_ds2_us2_bitrateV_10230_bitrateA_5145.mp4,21,15,36,36,247,242
134,PT_driving_video_AVC_crf20_resemble_audio.mp4,PT_AV1_crf63_AAC_br10_ds2_us2_bitrateV_8158_bitrateA_10123.mp4,25,11,36,36,247,242
135,PT_driving_video_AVC_crf20_resemble_audio.mp4,PT_AV1_crf63_AAC_br10_ds1_us1_bitrateV_14659_bitrateA_10123.mp4,19,17,36,36,247,242
136,PT_driving_video_AVC_crf20_resemble_audio.mp4,PT_AV1_crf63_AAC_br5_ds2_us2_bitrateV_8158_bitrateA_5145.mp4,28,8,36,36,247,242
137,PT_driving_video_AVC_crf20_resemble_audio.mp4,PT_AV1_crf63_AAC_br5_ds1_us1_bitrateV_14659_bitrateA_5145.mp4,22,14,36,36,247,242
138,PT_driving_video_AVC_crf20_original_audio_br10.mp4,PT_AVC_crf26_AAC_br5_ds2_us2_bitrateV_181485_bitrateA_5145.mp4,17,19,36,36,247,242
139,PT_driving_video_AVC_crf20_original_audio_br10.mp4,PT_AVC_crf26_AAC_br10_ds2_us2_bitrateV_181485_bitrateA_10123.mp4,13,23,36,36,247,242
140,PT_driving_video_AVC_crf20_original_audio_br10.mp4,PT_AVC_crf28_AAC_br5_ds2_us2_bitrateV_95864_bitrateA_5145.mp4,17,19,36,36,247,242
141,PT_driving_video_AVC_crf20_original_audio_br10.mp4,PT_AVC_crf30_AAC_br5_ds2_us2_bitrateV_55835_bitrateA_5145.mp4,18,18,36,36,247,242
142,PT_driving_video_AVC_crf20_original_audio_br10.mp4,PT_AVC_crf30_AAC_br10_ds2_us2_bitrateV_55835_bitrateA_10123.mp4,15,21,36,36,247,242
143,PT_driving_video_AVC_crf20_original_audio_br10.mp4,PT_AVC_crf28_AAC_br10_ds2_us2_bitrateV_95864_bitrateA_10123.mp4,13,23,36,36,247,242
144,PT_driving_video_AVC_crf20_original_audio_br10.mp4,PT_AVC_crf32_AAC_br5_ds4_us4_bitrateV_13082_bitrateA_5145.mp4,27,9,36,36,247,242
145,PT_driving_video_AVC_crf20_original_audio_br10.mp4,PT_AVC_crf32_AAC_br10_ds4_us4_bitrateV_13082_bitrateA_10123.mp4,24,12,36,36,247,242
146,PT_driving_video_AVC_crf20_original_audio_br10.mp4,PT_AV1_crf60_AAC_br10_ds2_us2_bitrateV_10230_bitrateA_10123.mp4,19,17,36,36,247,242
147,PT_driving_video_AVC_crf20_original_audio_br10.mp4,PT_AV1_crf60_AAC_br5_ds2_us2_bitrateV_10230_bitrateA_5145.mp4,20,16,36,36,247,242
148,PT_driving_video_AVC_crf20_original_audio_br10.mp4,PT_AV1_crf63_AAC_br10_ds2_us2_bitrateV_8158_bitrateA_10123.mp4,22,14,36,36,247,242
149,PT_driving_video_AVC_crf20_original_audio_br10.mp4,PT_AV1_crf63_AAC_br10_ds1_us1_bitrateV_14659_bitrateA_10123.mp4,17,19,36,36,247,242
150,PT_driving_video_AVC_crf20_original_audio_br10.mp4,PT_AV1_crf63_AAC_br5_ds2_us2_bitrateV_8158_bitrateA_5145.mp4,24,12,36,36,247,242
151,PT_driving_video_AVC_crf20_original_audio_br10.mp4,PT_AV1_crf63_AAC_br5_ds1_us1_bitrateV_14659_bitrateA_5145.mp4,21,15,36,36,247,242
152,PT_driving_video_AVC_crf20_original_audio_br10.mp4,PT_driving_video_AVC_crf20_resemble_audio.mp4,14,22,36,36,247,242
153,PT_AVC_crf26_AAC_br5_ds2_us2_bitrateV_181485_bitrateA_5145.mp4,PT_AVC_crf26_AAC_br10_ds2_us2_bitrateV_181485_bitrateA_10123.mp4,14,22,36,36,247,242
154,PT_AVC_crf26_AAC_br10_ds2_us2_bitrateV_181485_bitrateA_10123.mp4,PT_AVC_crf32_AAC_br10_ds4_us4_bitrateV_13082_bitrateA_10123.mp4,31,5,36,36,247,242
155,YL_driving_video_AVC_crf20_resemble_audio.mp4,YL_AVC_crf26_AAC_br10_ds2_us2_bitrateV_122218_bitrateA_10152.mp4,20,22,43,42,247,242
156,YL_driving_video_AVC_crf20_resemble_audio.mp4,YL_AVC_crf26_AAC_br5_ds2_us2_bitrateV_122218_bitrateA_5294.mp4,17,25,43,42,247,242
157,YL_driving_video_AVC_crf20_resemble_audio.mp4,YL_AVC_crf28_AAC_br5_ds2_us2_bitrateV_76922_bitrateA_5294.mp4,22,20,43,42,247,242
158,YL_driving_video_AVC_crf20_resemble_audio.mp4,YL_AVC_crf28_AAC_br10_ds2_us2_bitrateV_76922_bitrateA_10152.mp4,16,26,43,42,247,242
159,YL_driving_video_AVC_crf20_resemble_audio.mp4,YL_AVC_crf30_AAC_br10_ds2_us2_bitrateV_48072_bitrateA_10152.mp4,15,27,43,42,247,242
160,YL_driving_video_AVC_crf20_resemble_audio.mp4,YL_AVC_crf30_AAC_br5_ds2_us2_bitrateV_48072_bitrateA_5294.mp4,21,21,43,42,247,242
161,YL_driving_video_AVC_crf20_resemble_audio.mp4,YL_AVC_crf32_AAC_br10_ds4_us4_bitrateV_9116_bitrateA_10152.mp4,20,22,43,42,247,242
162,YL_driving_video_AVC_crf20_resemble_audio.mp4,YL_AVC_crf32_AAC_br5_ds4_us4_bitrateV_9116_bitrateA_5294.mp4,25,17,43,42,247,242
163,YL_driving_video_AVC_crf20_resemble_audio.mp4,YL_AV1_crf60_AAC_br10_ds2_us2_bitrateV_8054_bitrateA_10152.mp4,20,22,43,42,247,242
164,YL_driving_video_AVC_crf20_resemble_audio.mp4,YL_AV1_crf60_AAC_br5_ds2_us2_bitrateV_8054_bitrateA_5294.mp4,24,18,43,42,247,242
165,YL_driving_video_AVC_crf20_resemble_audio.mp4,YL_AV1_crf63_AAC_br10_ds2_us2_bitrateV_6658_bitrateA_10152.mp4,28,14,43,42,247,242
166,YL_driving_video_AVC_crf20_resemble_audio.mp4,YL_AV1_crf63_AAC_br10_ds1_us1_bitrateV_11413_bitrateA_10152.mp4,18,24,43,42,247,242
167,YL_driving_video_AVC_crf20_resemble_audio.mp4,YL_AV1_crf63_AAC_br5_ds2_us2_bitrateV_6658_bitrateA_5294.mp4,27,15,43,42,247,242
168,YL_driving_video_AVC_crf20_resemble_audio.mp4,YL_AV1_crf63_AAC_br5_ds1_us1_bitrateV_11413_bitrateA_5294.mp4,19,23,43,42,247,242
169,YL_driving_video_AVC_crf20_original_audio_br10.mp4,YL_AVC_crf26_AAC_br10_ds2_us2_bitrateV_122218_bitrateA_10152.mp4,8,34,43,42,247,242
170,YL_driving_video_AVC_crf20_original_audio_br10.mp4,YL_AVC_crf26_AAC_br5_ds2_us2_bitrateV_122218_bitrateA_5294.mp4,17,25,43,42,247,242
171,YL_driving_video_AVC_crf20_original_audio_br10.mp4,YL_AVC_crf28_AAC_br5_ds2_us2_bitrateV_76922_bitrateA_5294.mp4,21,21,43,42,247,242
172,YL_driving_video_AVC_crf20_original_audio_br10.mp4,YL_AVC_crf28_AAC_br10_ds2_us2_bitrateV_76922_bitrateA_10152.mp4,10,32,43,42,247,242
173,YL_driving_video_AVC_crf20_original_audio_br10.mp4,YL_AVC_crf30_AAC_br10_ds2_us2_bitrateV_48072_bitrateA_10152.mp4,8,34,43,42,247,242
174,YL_driving_video_AVC_crf20_original_audio_br10.mp4,YL_AVC_crf30_AAC_br5_ds2_us2_bitrateV_48072_bitrateA_5294.mp4,13,29,43,42,247,242
175,YL_driving_video_AVC_crf20_original_audio_br10.mp4,YL_AVC_crf32_AAC_br10_ds4_us4_bitrateV_9116_bitrateA_10152.mp4,23,19,43,42,247,242
176,YL_driving_video_AVC_crf20_original_audio_br10.mp4,YL_AVC_crf32_AAC_br5_ds4_us4_bitrateV_9116_bitrateA_5294.mp4,30,12,43,42,247,242
177,YL_driving_video_AVC_crf20_original_audio_br10.mp4,YL_AV1_crf60_AAC_br10_ds2_us2_bitrateV_8054_bitrateA_10152.mp4,18,24,43,42,247,242
178,YL_driving_video_AVC_crf20_original_audio_br10.mp4,YL_AV1_crf60_AAC_br5_ds2_us2_bitrateV_8054_bitrateA_5294.mp4,24,18,43,42,247,242
179,YL_driving_video_AVC_crf20_original_audio_br10.mp4,YL_AV1_crf63_AAC_br10_ds2_us2_bitrateV_6658_bitrateA_10152.mp4,19,23,43,42,247,242
180,YL_driving_video_AVC_crf20_original_audio_br10.mp4,YL_AV1_crf63_AAC_br10_ds1_us1_bitrateV_11413_bitrateA_10152.mp4,10,32,43,42,247,242
181,YL_driving_video_AVC_crf20_original_audio_br10.mp4,YL_AV1_crf63_AAC_br5_ds2_us2_bitrateV_6658_bitrateA_5294.mp4,27,15,43,42,247,242
182,YL_driving_video_AVC_crf20_original_audio_br10.mp4,YL_AV1_crf63_AAC_br5_ds1_us1_bitrateV_11413_bitrateA_5294.mp4,18,24,43,42,247,242
183,YL_driving_video_AVC_crf20_original_audio_br10.mp4,YL_driving_video_AVC_crf20_resemble_audio.mp4,16,26,43,42,247,242
184,YL_AVC_crf26_AAC_br10_ds2_us2_bitrateV_122218_bitrateA_10152.mp4,YL_AVC_crf32_AAC_br10_ds4_us4_bitrateV_9116_bitrateA_10152.mp4,37,5,43,42,247,242
185,YL_AVC_crf26_AAC_br5_ds2_us2_bitrateV_122218_bitrateA_5294.mp4,YL_AVC_crf26_AAC_br10_ds2_us2_bitrateV_122218_bitrateA_10152.mp4,13,29,43,42,247,242
